Cellule de veille pluridisciplinaire psychiatrie - ville de Meaux;1;"Psychiatrie
Meaux
Cellule de veille pluridisciplinaire
Synthèse";;Julie LANGLAIS;"La Cellule de Veille pluridisciplinaire pilotée par la Direction des Solidarités, a pour objectif de faciliter l’analyse de situations individuelles complexes de majeurs domiciliés sur Meaux, en souffrance psychique, dont l’accompagnement nécessite un regard croisé (médical, social et juridique).
  
Certains professionnels de la relation d’aide se retrouvent confrontés à des freins ne leur permettant pas de trouver des solutions adaptées dans le cadre de leur accompagnement et éviter les ruptures de parcours de soins des publics qu’ils accompagnent (difficultés pour l’accès ou à la poursuite de soins, impacts sur la vie familiale, socio-professionnelle, mise en échec de l’accompagnement, etc.).

Elle permet de croiser les regards, les expertises et de rechercher des solutions permettant de lever les freins rencontrés, en veillant au secret médical, au secret professionnel et aux droits de la personne. 

Elle favorise l’échange en permettant une dimension préventive des situations et une coordination entre les différents acteurs.

Les Cellules de Veille Pluridisciplinaires auront lieu une fois tous les deux mois, dans les locaux du GHEF de Meaux, au sein du Service Psychiatrie
";"Les professionnels souhaitant présenter la situation d’un usager doivent remplir la fiche de saisine dédiée (modèle en annexe I de la présente Charte) et la transmettre à :
- Elodie GUILBEAU, Responsable du pôle social logement et Assistante Sociale de formation, au sein de la Direction des Solidarités de la Ville de Meaux, par mail : elodie.guilbeau@meaux.fr + copie à sa secrétaire : nadege.gerard@meaux.fr).

La direction des Solidarités de la Ville de Meaux recueille entre chaque réunion les fiches de saisine, nécessaires à l’accompagnement de la personne et les notifie dans des dossiers individuels stockés informatiquement dans un espace sécurisé (Logiciel SONATE avec utilisation d’une licence nominative).

Les membres permanents recevront la liste des situations qui seront évoquées, afin de pouvoir vérifier si les personnes bénéficient déjà d’un accompagnement ou sont connues au sein de leur institution. 
";6/5/2024 11:55am;Ressource spécialisée, Psychiatrie;;;;
Cancer : Maintien et retour à l'emploi - Guide INCa;2;"Cancer 
Emploi - Travail
INCa";;Julie LANGLAIS;"La survenue d’un cancer peut avoir de fortes répercussions sur votre vie, y compris professionnelle.
Des dispositifs pour le maintien et le retour à l’emploi existent.";"Les professionnels souhaitant présenter la situation d’un usager doivent remplir la fiche de saisine dédiée (modèle en annexe I de la présente Charte) et la transmettre à :
- Elodie GUILBEAU, Responsable du pôle social logement et Assistante Sociale de formation, au sein de la Direction des Solidarités de la Ville de Meaux, par mail : elodie.guilbeau@meaux.fr + copie à sa secrétaire : nadege.gerard@meaux.fr).

La direction des Solidarités de la Ville de Meaux recueille entre chaque réunion les fiches de saisine, nécessaires à l’accompagnement de la personne et les notifie dans des dossiers individuels stockés informatiquement dans un espace sécurisé (Logiciel SONATE avec utilisation d’une licence nominative).

Les membres permanents recevront la liste des situations qui seront évoquées, afin de pouvoir vérifier si les personnes bénéficient déjà d’un accompagnement ou sont connues au sein de leur institution. 
";13/5/2024 12:29pm;Ressource spécialisée, Cancérologie;2024_-_Guide_INCA_-_Cancer_-_Maintien_et_retour_a_lemploir.pdf (https://airtable.com/appw21X5WptSgEidh/tbldc8HAccuWcXbga/recwkZeHLD3OeOBf7/fldiD8jFMadIFZbK2/attFkzO33x4i7MKGA);;;
Consultation Gériatrique Programmée Rapide - GHEF;3;CGPR / Gériatrie / GHEF / Consultation ;;Julie LANGLAIS;"La CGPR offre une approche innovante et réactive.
Elle constitue une solution ambulatoire dédiée à la prise en charge des personnes âgées, conçue pour optimiser l'accessibilité aux soins gériatriques et prévenir les passages aux urgences. 
Cette consultation propose une évaluation spécialisée et des interventions ciblées, permettant de fluidifier le parcours patient.";"Contacts :
Secrétariat :
Tel. : 01 61 10 66 22
Fax : 01 61 10 72 13
Mail : secremg-cgpr.mlv@ghef.fr";13/5/2024 3:35pm;Gériatrie, Ressource spécialisée;CR_Rencontre_CGPR_-_16.02.24.pdf (https://airtable.com/appw21X5WptSgEidh/tbldc8HAccuWcXbga/recpHc3qSZlTbH8N6/fldiD8jFMadIFZbK2/attRNbAteJwhKaw9s), Triptyque_CGPR.pdf (https://airtable.com/appw21X5WptSgEidh/tbldc8HAccuWcXbga/recpHc3qSZlTbH8N6/fldiD8jFMadIFZbK2/attVUv2Y1Sc6xVo2G);;;
EHPAD Hors les Murs - Au fil des berges - LNA Santé;4;EHPAD / Hors les murs / Domicile / Gériatrie / Personne âgée;;Julie LANGLAIS;"Installé au sein de la résidence Les Berges du Danube, notre Ehpad Hors les Murs, Au fil des Berges, s’appuie sur les services à domicile de proximité, afin d’être le point de repère du parcours de vie à domicile de la personne âgée. Ce projet de services renforcés à domicile est un dispositif gratuit mis en œuvre dans le cadre d’une expérimentation financée et pilotée par l’ARS Île-de-France.

UN ACCOMPAGNEMENT AU DOMICILE ADAPTÉ, COORDONNÉ ET SÉCURISÉ 24H/24
- Mise en place d’un pôle de coordination qui centralise, coordonne et trace les interventions
- Respect du souhait des usagers quant à leur prise en charge : maintien au domicile, aménagement du lieu de vie...
- Sécurisation du domicile la nuit : téléassistance et déplacement d’un professionnel en cas de besoin
- Préservation du lien aidant/aidé tout en rompant l’isolement et en créant (ou recréant) du lien social : activités et sorties proposées par les Ehpad ou les associations seniors de la ville
- Limitation des risques iatrogéniques et favorisation d’une prise en charge non médicamenteuse
- Aide de l’aidant dans le cadre de ses démarches administratives
- Accompagnement de l’aidant et de l’aidé tout au long de la maladie (ETP)

UNE CHAMBRE D'URGENCE
Une chambre d’urgence est accessible 24h/24 permettant de faire face à :
- Soutien du proche aidant (hospitalisation, épuisement,...)
- La sortie d’hospitalisation du bénéficiaire
";"Ce dispositif gratuit, financé par l’ARS Île-de-France, s’adresse à toute personne âgée dépendante, de plus de 60 ans qui manifeste des premiers signes de pertes d’autonomie et qui souhaite rester à son domicile le plus longtemps possible.

Téléphone : 01 64 17 46 58";13/5/2024 3:50pm;Gériatrie, Ressource spécialisée;Communes_dintervention_EHPAD_Hors_les_Murs.pdf (https://airtable.com/appw21X5WptSgEidh/tbldc8HAccuWcXbga/recIRZ8HRYtMyWFMj/fldiD8jFMadIFZbK2/attMlwskP6HKbCrWw), Flyer_EHPAD_Hors_les_Murs_LNA.pdf (https://airtable.com/appw21X5WptSgEidh/tbldc8HAccuWcXbga/recIRZ8HRYtMyWFMj/fldiD8jFMadIFZbK2/attgaDXimumBCCKEI), Presentation_EHLM.pptx (https://airtable.com/appw21X5WptSgEidh/tbldc8HAccuWcXbga/recIRZ8HRYtMyWFMj/fldiD8jFMadIFZbK2/attHN1h4ZVWHvfTrs);;;
Information et Soutien Tuteurs Familiaux;5;"Tutelle
Tuteurs Familiaux
Information";;Solène;"L'ATSM 77 propose des temps d'information à destination des tuteurs familiaux (tuteur, curatelle, habilitation familiale) sur divers sujets : Droits & obligations
Inventaire de patrimoine
Gestion des comptes bancaires
Compte rendu de gestion
Ouverture de droits
Services et partenaires sociaux et médicosociaux
du secteur
Relations avec les tribunaux : quand et
comment solliciter le Juge des tutelles ?
Conflit d’intérêt
Renouvellement de la mesure de protection
Modification du mandat
Fin du mandat";;4/6/2024 11:31am;Autre;ATSM77_-_Plaquette_Information_Soutien_Tuteurs_familiaux.pdf (https://airtable.com/appw21X5WptSgEidh/tbldc8HAccuWcXbga/recGoLVDTSTIXfP08/fldiD8jFMadIFZbK2/attswm7MbRH0aRmFL);;;
Transports de proximité - JYVAIS -;6;Transport- mobilité - SNCF - Pays de l'Ourcq - Pays de Meaux - proximité -;;Julie ;"Une expérimentation de transport à la demande partagé en Pays de Meaux & Pays de l'Ourcq, tous les jours de mai à octobre 2024.

JYVAIS est une expérimentation innovante de transport à la demande partagé pour se déplacer sur le Pays de Meaux et le Pays de l’Ourcq, testée de mai à octobre 2024. Conçue spécialement pour les territoires peu denses et portée par SNCF Tech4Mobility, cette expérimentation s’inscrit en complément de l’offre de transport public du territoire afin de faciliter les déplacements du quotidien vers les services publics, les commerces, les gares, les loisirs, les événements et la base olympique de Vaires-sur-Marne via la ligne P de Transilien. Grâce à JYVAIS, voyagez là où les transports ne vont pas à partir de 2€ par personne et par trajet.";Information : https://city.ridewithvia.com/jyvais_sncf;20/6/2024 9:44am;Autre;Liste_des_lieux_de_proximite_CAPM__CCPO_avec_bandeau.pdf (https://airtable.com/appw21X5WptSgEidh/tbldc8HAccuWcXbga/recxfFbntzN8bQtRW/fldiD8jFMadIFZbK2/att6SyxImmtOGnbTb);;;
PAM Francilien;7;Transport - mobilité - inclusion;;Julie LANGLAIS;"Le service Pam est un service public de transport à la demande spécialisé et collectif qui a pour but de faciliter les déplacements des personnes à mobilité réduite, handicapées ou dépendantes.

Le service Pam réalise les transports entre 2 lieux situés sur la voie publique. Le conducteur-accompagnateur vient chercher, prend en charge, et dépose l'usager sur l'espace public.

Le service Pam francilien est disponible :

Tous les jours de la semaine 
Toute l’année
De 6h à minuit
De 6h à 00h30 les vendredis et samedis
Les transports se font dans toute l'Île-de-France pour un trajet de plus de 500 mètres.";"https://pam.iledefrance-mobilites.fr/cgu

";20/6/2024 3:58pm;Autre;101ac643-247-Guide-utilisateur-Pam-francilien-VF.pdf (https://airtable.com/appw21X5WptSgEidh/tbldc8HAccuWcXbga/recfE7XIMpF6mPAdf/fldiD8jFMadIFZbK2/attGnsovSL0AbJnYd);;;
Appartements d'insertion APF ;8;Handicap/inclusion/logement autonome ;;Maud BEGEL;"11 appartements de transition locatifs destinés aux adultes en situation de handicap moteur. Logements de type F2 adaptés PMR diffus dans la ville de Brie C/Robert, gérés par un bailleur social. 

Structure labelisée foyer de vie APF. Le loyer demandé est de 25% du montant de l'AAH avec Aide Sociale à l'Hébergement et APL perçu par le foyer. 
Les charges courantes sont supportées par le locataire comme dans toute location du droit commun. 
Obligation pour la personne en situation de handicap de se soumettre à l'accompagnement éducatif (RDV réguliers avec les éducateurs) et les temps de regroupement à l'accueil de jour du pôle adulte (1 à 2 fois/semaine). 
Pas de cumul possible avec une prise en charge SAVS SAMSAH. La personne doit être relativement autonome dans la gestion de son parcours de soins. L'acquisition de l'autonomie dans le quotidien (gestion démarches administratives, repas, courses, vie sociale et projets professionnels) est travaillée progressivement. L'objectif est de travailler le projet de vie et d'insertion. La prise en charge au sein de ces appartements est d'une durée de 1 à 6 ans. 
Il n'y a pas de critère d'autonomie, il faut que le handicap ne nécessite pas de prise en charge médicale soutenue/continue et que les besoins de compensations soient couverts. 
Pas de prise en charge PCH aide humaine cumulable, le FV prend en charge les aides humaines (partenariat avec un service d'aide à domicile), définit les besoins à l'admission et les réajuste. 
L'accueil permanent d'enfants au domicile est impossible. Possibilité d'accueil le WE et de manière occasionnelle possible si anticipé.  
Système de téléassistance Europ assistance obligatoire: les personnes à prévenir sont le personnel du FV en semaine et le FAM APF de Combs la ville le soir, nuit et le WE. 
 ";"Nécessité d'une orientation MDPH foyer de vie. 
1 appartement est dédié aux périodes de stage pour essai : durée 15j à 1 mois (sans notification). 
";28/6/2024 11:37am;Handicap ;appartements_dinsertion_APF.pdf (https://airtable.com/appw21X5WptSgEidh/tbldc8HAccuWcXbga/recXi51wFS9rO8Xyu/fldiD8jFMadIFZbK2/attCTBIAqJPYEBkCu), Accueil_de_jour_APF.pdf (https://airtable.com/appw21X5WptSgEidh/tbldc8HAccuWcXbga/recXi51wFS9rO8Xyu/fldiD8jFMadIFZbK2/attqxiPhY9GejwznZ);;;
Annuaire DAC - Ile de France;9;"DAC
Dispositif d'appui à la coordination
Annuaire";;Julie LANGLAIS;"Annuaire des DAC d'Ile de France en PJ 
Carte des DAC en fonction des villes : https://facs-idf.fr/carte-des-dac-en-ile-de-france/ ";;5/7/2024 10:42am;Ressource spécialisée;Annuaire-DAC.pdf (https://airtable.com/appw21X5WptSgEidh/tbldc8HAccuWcXbga/receXpiNDHLsvREzZ/fldiD8jFMadIFZbK2/attkafgQbTVjDqWpW);;;
Mon soutien psy - Dispositif CPAM;10;"soutien
psychologie
psychologique
CPAM";;Julie LANGLAI;Le dispositif Mon soutien psy permet à toute personne (dès 3 ans) angoissée, déprimée ou en souffrance psychique, de bénéficier de séances d’accompagnement psychologique avec une prise en charge par l’Assurance Maladie. ;Informations, modalités de prise en charge : https://www.ameli.fr/assure/remboursements/rembourse/remboursement-seance-psychologue-mon-soutien-psy ;10/7/2024 3:44pm;Ressource spécialisée;;;;
Annuaire Dispositif Spécifiques Régionaux - IDF;11;"DSR
Dispositif spécifique régional
Expertise";;Julie LANGLAIS;"Annuaire des dispositifs spécifiques régionaux :
- Accès aux soins
- Handicap
- Maladies chroniques
- Maladies neurodégénératives
- Pédiatrie et enfants
- Périnatalité";Accès à l'annuaire : https://facs-idf.fr/wp-content/uploads/2024/05/Flyer-RR-.pdf;10/7/2024 3:57pm;Ressource spécialisée;Flyer-RR-.pdf (https://airtable.com/appw21X5WptSgEidh/tbldc8HAccuWcXbga/recU6BEqR0HL1XMy5/fldiD8jFMadIFZbK2/attBNiwlsUxV5cd4D);;;
Info prestataires aides à domicile secteur SAPHA Tournan en Brie;12;"aides à domicile
prestataire
sad
service d'aide à domicile
APA
";;Alicia;Information sur les services d'aide à domicile du secteur de Tournan en Brie, prestataires pratiquant le tarif APA ou dépassement;;11/7/2024 4:55pm;Partenaires ;Info_SAD_APA_SAPHA_Tournan.docx (https://airtable.com/appw21X5WptSgEidh/tbldc8HAccuWcXbga/recSvDqXiQz4Xbes8/fldiD8jFMadIFZbK2/attM46isLmIs6TqBK);;;
Préservation de la fertilité masculine et pédiatrique ;13;fertilité - masculin - pédiatrie - adolescent;;Julie LANGLAIS;"Elle est assurée par les deux CECOS suivants :

Hôpital Tenon
Les contacts à privilégier sont le secrétariat de l’UF d’AMP clinique ainsi que le Dr Léna BARDET par e-mail :
secretariat.amp.tnn@aphp.fr
lena.bardet@aphp.fr
portable : 06 17 56 50 16

Pour les éventuelles demandes de préservation de la fertilité masculine, privilégier le contact par e-mail au secrétariat biologique :
secrétariat.biorepro.tnn@aphp.fr

Hôpital Jean Verdier
Les contacts à privilégier sont le secrétariat et le Dr Majer et Mme Rakrouki qui seront sur place :
preservation.fertilite.jvr@aphp.fr
maxence.majer@aphp.fr";;17/7/2024 11:00am;Ressource spécialisée;;;;
Liste des prestataires d'aide à domicile du secteur Chelles Vaires Brou au 31/07/2024;14;prestataire aide à domicile - APA - SAAD ;;Alicia;Liste des prestataires / SAAD conventionnés APA récupérée auprès du SAPHA de Chelles;;31/7/2024 3:13pm;Partenaires ;Prestataires_aide_a_domicile_secteur_Chelles_Vaires_Brou_au_31_juillet_2024_pdf.io.pdf (https://airtable.com/appw21X5WptSgEidh/tbldc8HAccuWcXbga/recDBuq6uPbgukxNC/fldiD8jFMadIFZbK2/attDEC81M9wXMrZQj);CHELLES;BROU-SUR-CHANTEREINE, CHELLES, VAIRES-SUR-MARNE;
Aidants - Répit des aidants - Ressources théoriques ;15;Aidants - Répit - Recommandations - HAS - Bonnes pratiques ;;Adrien;"La Haute Autorité de Santé a publié des travaux sur les aidants.
Vous trouverez donc en PJ les différents guides émis plus ou moins synthétiques 
";Parmi ces documents, un questionnaire d'évaluation de la situation de l'aidant peut être utilisé dasn le cadre de la coordination de parcours. N'hésitez pas à vous en servir dans l'évaluation multidimensionnelle.;7/8/2024 2:25pm;Ressource spécialisée, Aidants;repit_aidants_argumentaire.pdf (https://airtable.com/appw21X5WptSgEidh/tbldc8HAccuWcXbga/rec8xPHoumYp0AiBN/fldiD8jFMadIFZbK2/attdJEKt06A9YbioW), repit_des_aidants_grille_evaluation_vdef_2024-06-25_11-17-1_775.pdf (https://airtable.com/appw21X5WptSgEidh/tbldc8HAccuWcXbga/rec8xPHoumYp0AiBN/fldiD8jFMadIFZbK2/attjrFOLFdLuyWMZb), rbpp_repit_aidants-recommandations.pdf (https://airtable.com/appw21X5WptSgEidh/tbldc8HAccuWcXbga/rec8xPHoumYp0AiBN/fldiD8jFMadIFZbK2/atta1lRzxaEin7jFz), repit_des_aidants_points_cle_vdef.pdf (https://airtable.com/appw21X5WptSgEidh/tbldc8HAccuWcXbga/rec8xPHoumYp0AiBN/fldiD8jFMadIFZbK2/att1zxNRJnCELUGO5);;;
Certificat d'aptitude à la conduite d'un véhicule pour personne en situation de handicap (VHP);16;Fauteuil roulant électrique/ personne en situation de handicap ;;Maud BEGEL;"Pour faire l'acquisition d'un fauteuil roulant électrique il est nécessaire d'obtenir une prescription médicale puis de s'adresser à une société de matériel médical. Certains modèles sont pris en charge à 100% ou peuvent faire l'objet d'un dépassement en fonction des options, le surcoût et les frais d'entretien peuvent faire l'objet d'une prise en charge par la MDPH au titre de la PCH aide technique. 
Pour la conduite d'un fauteuil roulant électrique, il est nécessaire de réaliser des essais préalables afin de vérifier l'aptitude à la conduite. 
Une fois les essais réalisés et le certificat d'aptitude à la conduite obtenu, le fauteuil peut être commandé et mis à disposition auprès du patient. 
Il existe 7 centres en IDF qui délivrent ces certificats d'aptitude dont 1 dans le 77 (Coubert). 
Pour Coubert, il faut notamment adresser une prescription médicale au préalable sur une ordonnance bizone pour ""évaluation et prescription d'un fauteuil roulant manuel"" avec un descriptif de la pathologie et la transmission de CR récents. Ensuite Coubert communique une date d'hôpital de jour pour réaliser les essais fauteuil. 
";Il faut anticiper car les délais d'obtention du RDV sont assez long (plusieurs mois);7/8/2024 5:11pm;Handicap ;LISTE_DES_CENTRES_DESSAIS_VPH_MAJ_2024.pdf (https://airtable.com/appw21X5WptSgEidh/tbldc8HAccuWcXbga/recDAFgCrGvPDNqyB/fldiD8jFMadIFZbK2/attYjxq8pYZFd3lJ5), Formulaire_demande_essai_FRE.pdf (https://airtable.com/appw21X5WptSgEidh/tbldc8HAccuWcXbga/recDAFgCrGvPDNqyB/fldiD8jFMadIFZbK2/attmVilA1qzsxIVc7), Capacite_conduite_FRE_Coubert.pdf (https://airtable.com/appw21X5WptSgEidh/tbldc8HAccuWcXbga/recDAFgCrGvPDNqyB/fldiD8jFMadIFZbK2/attttMFHlUrtbs1TK);;;Fauteuil roulant électrique/ personne en situation de handicap 
Dispositifs EQUALIS ;17;Soins - précarité - SDF - LHSS - LAM - ACT - Equalis;;Maud BEGEL;"Dispositifs de soins pour personnes majeures sans domicile fixe dont la pathologie ne relève pas d’une PEC hospitalière. 
Point commun aux 3 dispositifs : 
-	Accueil inconditionnel, ni ressources, ni titre de séjour exigé. 
-	Un projet personnalisé est travaillé avec chaque personne (projet de sortie adapté, insertion sociale et dans le logement, ouverture de droits…). 
-	Prise en charge médico-psycho-sociale. 
LAM +++
Structure collective pour personne majeure avec restauration et blanchisserie. 
Pathologies chroniques, lourdes et invalidantes avec un pronostic plus ou moins sombre. 
Prise en charge de soins médicaux et paramédicaux adaptés. 
Présence d’une équipe médicale 24h/24. 
Dispositif temporaire qui peut être renouvelé sans limitation de durée. 
Si la personne dispose de ressources, une participation financière est demandée. 
LHSS ++
Structure collective pour personne majeure avec restauration et blanchisserie
Pathologies aigues nécessitant des soins infirmiers. Autonomie compatible avec une vie en collectivité. 
Prise en charge de soins médicaux et paramédicaux adaptés. 
Dispositif temporaire qui peut être renouvelé sans limitation de durée. 
Si la personne dispose de ressources, une participation financière est demandée. 
ACT +
Hébergement en appartements individuels ou partagés adaptés PMR pour personnes majeures avec possibilité d’accueil de mineurs.  
Pathologies chroniques somatiques ou psychiatriques nécessitant des soins et un suivi médical.  
Coordination du parcours de soins des personnes accueillies. 

Les services de soins infirmiers, d’aide à domicile ou d’HAD peuvent intervenir si besoin. 
Durée du séjour plus ou moins longue, définie dans le projet individualisé.  
";"Contact : Manuela LENEVEU, cheffe de service 06 19 90 61 66. manuela.leneveu@equalis.org
secrétariat : secretariat.sante77@equalis.org
Julien WUYLENS, coordinateur de soins 07 88 19 33 26. 
Rosi OUDART, coordinatrice superviseur social. 07 86 24 45 92. rosi.oudart@equalis.org


";8/8/2024 3:01pm;Autre;DOSSIER_UNIQUE_FSH_Partie_medicale_Version_imprimable_28.03.2024.pdf (https://airtable.com/appw21X5WptSgEidh/tbldc8HAccuWcXbga/recvx0zlKv0NykFrX/fldiD8jFMadIFZbK2/attruT4WBl8lzaTpv), DOSSIER_UNIQUE_FSH_version_imprimable_28.03.2024.pdf (https://airtable.com/appw21X5WptSgEidh/tbldc8HAccuWcXbga/recvx0zlKv0NykFrX/fldiD8jFMadIFZbK2/attY1eiNutB1dJt9e);;;Dispositifs EQUALIS 
Annuaire - Société d'Ambulances- VSL - 77;18;transport sanitaire - ambulance - VSL;;Julie LANGLAIS;"Annuaire des sociétés de transports sanitaires qui interviennent en Seine et Marne.
MAJ en juillet 2024 par l'ARS 77.";;3/9/2024 4:48pm;Autre;20240701_Coordonnées sociétés ambulances 77.pdf (https://airtable.com/appw21X5WptSgEidh/tbldc8HAccuWcXbga/recgPMnJm2gkn61l1/fldiD8jFMadIFZbK2/attdjeUQevuTgaumJ);;;RAS
Permanence d'Accès aux Soins de Santé (PASS);19;PASS - Permanence - Soins - Précarité - Prévention - Vulnérabilité - Couverture sociale - ;;JL;"Les permanences d’accès aux soins de santé « hospitalières » sont des dispositifs d’accueil inconditionnel auxquels peuvent s’adresser toutes personnes démunies, en difficulté d’accès au système de soins de santé. 

Elles assurent une prise en charge médicale, avec délivrance de soins, sans frais pour les patients qui ne disposent d’aucune couverture sociale, ou une couverture partielle.

Les PASS proposent dans le même temps un accompagnement social pour aider à l’ouverture des droits à l’assurance maladie, et organisent une orientation dans le système de santé de droit commun. 

L’équipe de la PASS adapte sa prise en charge à la situation du patient et à son environnement. Elle peut recourir à l’interprétariat professionnel en santé. 
Elle travaille avec les partenaires associatifs et institutionnels de son territoire.";Plaquettes PASS hospitalières du GHEF en PJ : Meaux et Marne la Vallée;17/9/2024 3:10pm;Social;livret_dinfo_PASS_MLV-V2.pdf (https://airtable.com/appw21X5WptSgEidh/tbldc8HAccuWcXbga/rec9c5PXAg1cJDHj7/fldiD8jFMadIFZbK2/attFEj5uJ7Udk5BIv), livret_dinfo_PASS_MEAUX-V2.pdf (https://airtable.com/appw21X5WptSgEidh/tbldc8HAccuWcXbga/rec9c5PXAg1cJDHj7/fldiD8jFMadIFZbK2/att7X2S8iNm6dbmFC);;;.
Handicap et scolarité ;20;Handicap - Inclusion scolaire - Ecole - AVS - Scolarisation - MDPH;;Maud BEGEL ;"Lorsqu’un enfant rencontre des difficultés à l’école, il faut être réactif pour prévoir les adaptations et aménagements nécessaires au niveau de la scolarité. 

Dans la plupart des cas, les difficultés apparaissent dès la maternelle et peuvent se présenter sous la forme de difficultés au niveau des acquisitions scolaires, retard de langage, difficultés au niveau de la sociabilisation et des interactions sociales, troubles du comportement et agitation, repli sur soi. 

Il est nécessaire de caractériser ces difficultés : sont-elles survenues à un moment particulier qui est venu bousculer la vie de l’enfant (déracinement de son pays d’origine et changement de langue, séparation des parents, déménagement…) ?
S’installent-elles sur du long cours ? 
Comment l’enfant se comporte dans son cercle familial ? 
Ne pas hésiter à solliciter l’appui du médecin (médecin traitant ou pédiatre) qui suit l’enfant. Ce dernier pourra éventuellement orienter les parents vers une consultation spécialisée si des doutes subsistent sur la présence d’une éventuelle pathologie sous-jacente. 
Lorsque des signes sont évocateurs de troubles autistiques ou de TDAH, certaines filières spécifiques permettent d’appuyer le parcours diagnostic et orienter les parents dans leurs démarches (il est possible de se rapprocher de l’association Hand Aura). 

L’enseignant référent (ERSEH) est un interlocuteur privilégié des parents en accompagnant l’enfant et en soutenant les parents tout au long du parcours scolaire. Il existe un ERSEH référent dans chaque école, le plus souvent les coordonnées de ce dernier sont à disposition sur un panneau d’affichage situé au sein de l’établissement scolaire. 

Au sein de l’école, l’organisation d’une équipe éducative permet de réunir les parents, l’ERSEH et les membres de l’équipe pédagogique scolaire. Elle a pour objectif d’échanger autour des difficultés de l’enfant et de formuler des propositions d’aménagement de la scolarité les plus adaptées à sa situation. Cette instance se prononce également sur la pertinence de déposer un dossier auprès de la MDPH. Il ne faut pas hésiter à solliciter rapidement cette instance lorsque les difficultés scolaires persistent. 

Les propositions de l’équipe éducative peuvent être : 
-	La mise en place d’une aide humaine (auxiliaire de vie scolaire AVS) individuelle ou mutualisée sur des temps dédiés en classe afin de soutenir l’enfant dans ses apprentissages. Attention les AVS interviennent sur le temps scolaire uniquement et non sur le temps périscolaire et de cantine. Les parents souhaitant renforcer la présence d’une AVS sur ces temps-là, doivent assurer le financement sur leurs fonds propres ou bien solliciter une aide spécifique auprès de la commune ou de l’éducation nationale. 
-	Du matériel pédagogique adapté,
-	Une orientation en classe spécifique de type ULIS. En ULIS, l’enfant partage son temps scolaire entre sa classe ordinaire et des temps en classe ULIS où il dispose d’un accompagnement adapté et plus soutenant,
-	En structure médico-sociale : lorsque les adaptations précédentes ne sont pas suffisantes, l’enfant peut être orienté vers une structure de type IME avec une prise en charge spécifique des besoins liés au handicap tant dans la dimension sanitaire qu’éducative. Il est également possible de bénéficier d’un appui par un SESSAD qui apporte un accompagnement spécialisé au handicap de l’enfant et de manière pluridisciplinaire. 

Pour être mises en place, ces propositions doivent faire l’objet d’une notification par la MDPH. Compte tenu des délais de traitement, le dossier MDPH doit être envoyé au plus vite accompagné d’un formulaire qui met en évidence les besoins de l’enfant et les adaptations préconisées par l’équipe éducative. Ce formulaire s’appelle le GEVA Sco. 
Lorsque la MDPH évalue les besoins scolaires de l’enfant, elle établit un Plan Personnalisé de Scolarisation (PPS). Les propositions faites dans ce PPS sont mises en place au sein de l’école par une instance nommée Equipe de Suivi de la Scolarisation (ESS) qui se réunit au moins une fois par an et fait le lien avec la MDPH. 
Une fois les droits MDPH notifiés, c’est l’éducation nationale qui mobilise une AVS ou une place en ULIS. 

";"Il est possible de se rapprocher de certaines associations telles que le PRH 77 (Pole Ressources Handicap 77) qui soutient l’inclusion scolaire en milieu ordinaire. 
 Les associations « les petits liens de l’inclusion » et « ikigai » dispensent des visios gratuites à destination des acteurs de la communauté éducative et des familles pour favoriser la scolarité inclusive, informer sur le parcours handicap et les droits. ";17/9/2024 3:42pm;Handicap ;GEVA_Sco.pdf (https://airtable.com/appw21X5WptSgEidh/tbldc8HAccuWcXbga/rec2BxeFsWPHN7avI/fldiD8jFMadIFZbK2/attDHmWaYjWbU0YJz);;;Handicap/ inclusion scolaire
Liste médecins experts Tribunal Judiciaire de Meaux 2024;21;"PMV - Expertise - Mesure de protection - Tutelle -Curatelle - Sauvegarde - Médecin expert - Tribunal 
";;Alicia;Liste des médecins experts pour réalisation des certificats médicaux dans le cadre d'une demande de mise sous protection judiciaire.;;17/10/2024 11:49am;Social;Liste_des_medecins_2024_TGI_MEAUX.pdf (https://airtable.com/appw21X5WptSgEidh/tbldc8HAccuWcXbga/recCGmzVvADdAOM7j/fldiD8jFMadIFZbK2/att13VcvPyEV5MY8G);;;Liste 2024
Prestataires aides à domicile conventionnés CPAM ;22;FNASS - CPAM - Aide à domicile - Prestataire - SAAD;;Alicia ;https://www.ameli.fr/seine-et-marne/assure/droits-demarches/difficultes-acces-droits-soins/aides-financieres-individuelles;;17/10/2024 11:58am;Partenaires ;cpam77_associations_convention_juillet-2022.pdf (https://airtable.com/appw21X5WptSgEidh/tbldc8HAccuWcXbga/recuA9O0Fk8ixndGV/fldiD8jFMadIFZbK2/attv8XwGiWzHRiRGr);;;Liste disponible sur site web Ameli
Allocation Journalière du Proche Aidant (AJPA);23;Allocations - aidants - handicap - perte autonomie - revenus;;JL;L’AJPA est un revenu de remplacement pour les aidants de personnes en situation de handicap ou de perte d’autonomie, contraints de réduire ou de cesser temporairement leur activité professionnelle pour s’occuper de leur proche. ;https://www.monparcourshandicap.gouv.fr/aidant/allocation-journaliere-du-proche-aidant-ajpa;18/10/2024 2:51pm;Aidants;;;;
Allocation Personnalisée d'Autonomie (APA);24;Allocations - gériatrie - personne âgée - perte autonomie - revenus - domicile - APA;;JL;"L'APA sert à payer (en totalité ou en partie) soit les dépenses nécessaires pour rester à votre domicile (APA à domicile), soit le tarif dépendance de l'établissement médico-social (exemple : EHPAD) où vous vivez APA en établissement).

Sous conditions d'âge, de résidence et de perte d'autonomie

Elle est versée par les services du département.";https://www.service-public.fr/particuliers/vosdroits/F10009;18/10/2024 2:53pm;Gériatrie;;;;
Guide solution de répit;25;Répit - aidant - domicile - soutien;;JL;;;18/10/2024 2:58pm;Aidants;Guide des solutions_répit_maquette_vDEF_10022022.pdf (https://airtable.com/appw21X5WptSgEidh/tbldc8HAccuWcXbga/recYWqcUztYlJqTSL/fldiD8jFMadIFZbK2/attJ86NCq5SoqDfAj);;;
Liste taxi conventionnés 77;26;"taxis conventionnés
CPAM
transport 
taxi
VSL";;Alicia;;;28/10/2024 3:48pm;Autre;CPAM77-liste-taxis-conventionnes-octobre-2024.pdf (https://airtable.com/appw21X5WptSgEidh/tbldc8HAccuWcXbga/rec2SMgFffTa0ovUB/fldiD8jFMadIFZbK2/attNRF2wnwEpaBHUG);;;"https://www.ameli.fr/sites/default/files/CPAM77-liste-taxis-conventionnes-octobre-2024.pdf

https://www.ameli.fr/seine-et-marne/assure/remboursements/rembourse/frais-transport 
"
Maisons France Service;27;Service - Démarches - Administratif - Retraite - Solidarité - Social - Logement - Insertion - Accompagnement;;JL;"Les Maisons France services accompagnent les Français dans la réalisation de leurs démarches administratives. Les France services répondent à de nombreux besoins, notamment pour les publics en difficulté avec le numérique ou bien en difficulté dans la réalisation des démarches administratives.
Infos + : https://www.france-services.gouv.fr/
";"Lieux des Maisons France service : https://www.france-services.gouv.fr/le-reseau/ile-de-france
";15/11/2024 8:37am;Social;;;;
Activité physique adaptée : prévention du risque de chutes;28;APA - Activité Physique - Autonomie - Prévention - Chute - Risque - Personne âgée;;JL;"Guide en 8 repères en activité physique pour prévenir le risque de chute au domicile des personnes de plus de 60 ans :

- une stratégie préférentielle vers les personnes ayant déjà chuté ;
- des exercices adaptés ;
- l'importance de l'équilibre ;
- un engagement sur la durée et dans la vie quotidienne ;
- des séances en plusieurs temps ;
- des interventions à domicile utiles ;
- un encadrement professionnel et bienveillant ;
- une approche multidimensionnelle.";;18/11/2024 7:52am;Gériatrie;CNSA-livrable-activite-physique-et-chute-VF-accessible.pdf (https://airtable.com/appw21X5WptSgEidh/tbldc8HAccuWcXbga/recqNWhsG19LFg1Lt/fldiD8jFMadIFZbK2/attfsftyGQ9DjzyD4);;;
Tableau des prestations au 1er février 2024;29;"MDPH - APA - 
Handicap - Personne âgée - Aides financières - Aides à domicile - PCH - Département seine et marne
";;Alicia;;;19/11/2024 10:57am;Social;Tableau_des_Prestations_au_01022024.pdf (https://airtable.com/appw21X5WptSgEidh/tbldc8HAccuWcXbga/rec5On67J0sWE0WiY/fldiD8jFMadIFZbK2/atty7MVJUDtpLdSFO);;;Montant et barèmes des prestations du département 2024
GUIDE - Évaluation du risque de maltraitance intrafamiliale sur personnes majeures vulnérables;30;Maltraitance - Personne âgée - PMV - Vulnérabilité - Vulnérable - Repérage - Intrafamilial - Violences conjugales - Violence;;JL;Ce guide de l'HAS vise à identifier et analyser les situations de vulnérabilité chez les personnes majeures. Il propose des outils pour évaluer les risques liés à la maltraitance intrafamiliale sur les personnes en situation de vulnérabilité et le périmètre du repérage de l’évaluation des risques de maltraitance.;"Les professionnels et intervenants auprès des personnes vulnérables sont encouragés à adopter une approche systématique pour : 
caractériser l'état ou la situation de vulnérabilité de la personne ; détecter des signaux de maltraitance et évaluer l'environnement familial.

Le guide propose des grilles de repérage adaptées aux différentes catégories de maltraitance :
maltraitance sur personnes âgées ; violences conjugales ; maltraitance des enfants sur leurs parents.";21/11/2024 4:26pm;Autre;grille_reperage_parents_violentes_07_mai_v1.pdf (https://airtable.com/appw21X5WptSgEidh/tbldc8HAccuWcXbga/recRRs9nAb9ikprsV/fldiD8jFMadIFZbK2/attG1B0pzkA2hOAVU), grille_reperage_violence_conjugales_07_mai_v1.pdf (https://airtable.com/appw21X5WptSgEidh/tbldc8HAccuWcXbga/recRRs9nAb9ikprsV/fldiD8jFMadIFZbK2/attjRgj0POTWFW0nx), grille_reperage_maltraitance_personnes_agees_07_mai_v1.pdf (https://airtable.com/appw21X5WptSgEidh/tbldc8HAccuWcXbga/recRRs9nAb9ikprsV/fldiD8jFMadIFZbK2/attpAa04h5zlk5QEh), guide_risque_de_maltraitance_intra-familiale_sur_PMV.pdf (https://airtable.com/appw21X5WptSgEidh/tbldc8HAccuWcXbga/recRRs9nAb9ikprsV/fldiD8jFMadIFZbK2/atteHtNkP9KBLd92A);;;RAS
GUIDE - Bientraitance et gestion des signaux de maltraitance en établissement ;31;Maltraitance - Personne âgée - PH - Handicap - PMV - Vulnérabilité - Vulnérable - Repérage -- Violence - Bientraitance - Intra établissement - ESMS;;JL;Ce guide HAS cible la maltraitance des adultes vulnérables, notamment les personnes âgées et les personnes handicapées. Ce guide souligne l'importance du respect de la dignité et des droits des usagers tout en considérant les spécificités de leurs besoins. Il appelle à la vigilance des professionnels de santé et fournit des conseils sur la manière de signaler correctement ces situations aux autorités compétentes.;"Toute personne peut être concernée par une situation de maltraitance. La maltraitance est plurifactorielle et peut être générée par : 
une organisation de travail (maltraitance institutionnelle) ;  un défaut d’équipement ou d’entretien des infrastructures ;  ou encore une posture professionnelle inadéquate.";21/11/2024 4:30pm;Autre;synthese_bientraitance_maltraitance_etablissement_sanitaire_medico-social_social.pdf (https://airtable.com/appw21X5WptSgEidh/tbldc8HAccuWcXbga/recBrsG071euJsmdx/fldiD8jFMadIFZbK2/att1JcXOYDCPMXvbx), guide_bientraitance_maltraitance_etablissement_sanitaire_medico-social_social.pdf (https://airtable.com/appw21X5WptSgEidh/tbldc8HAccuWcXbga/recBrsG071euJsmdx/fldiD8jFMadIFZbK2/attHYvW2sfYKZrClk);;;RAS
Annuaire des Soins Palliatifs en IDF;32;Annuaire - SP - Soins palliatifs - USP - DAC - Equipe mobile - EMSPT - HAD;;JL;"Annuaire des soins palliatifs d'Ile de France sur le site de la CORPALIF
https://www.corpalif.org/annuaire_professionnels.html 
";;22/11/2024 9:02am;Ressource spécialisée;;;;RAS
Consultation de cardiologie en unité de jour (UJASAR) (avec ou sans RDV);33;Cardiologie - Consultation non programmée - Consultation - Urgence;;Aurélie;"Elle  permet (rapidement) de consulter un cardiologue pour :-
- Un malaise avec perte de connaissance
- Une douleur  thoracique
- Un soufflement
- Des palpitations cardiaques";;26/11/2024 2:12pm;Ressource spécialisée;Depliant_UJASAR_CARDIO_2025.pdf (https://airtable.com/appw21X5WptSgEidh/tbldc8HAccuWcXbga/rec9nv1goAHDs1xJh/fldiD8jFMadIFZbK2/attNCkYErLTIjA4qh);;;"C'est fait ;)"
Allocation Journalière de Présence Parentale (AJPP);34;Handicap - AJPP - Parent - MDPH - Maladie - Enfant;;JL;L'allocation journalière de présence parentale (AJPP) peut être versée si le parent s'occupe de son enfant gravement malade, accidenté ou handicapé. Il perçoit une allocation journalière pour chaque journée ou demi-journée passée auprès de son enfant (dans la limite de 22 jours par mois). L'AJPP peut vous être accordée sur une période de 3 ans. ;"Toutes les informations sur l'AJPP :
https://www.service-public.fr/particuliers/vosdroits/F151 ";4/12/2024 3:20pm;Social;;;;ras
Commission d'Aide à d'Evaluation et l'Orientation des Personnes Majeures Vulnérables (CAEO PMV) ;35;CAEO PMV - Vulnérabilité - Commission - Synthèse - PMV - Vulnérable - MDS;;JL;"Le Département, dans le cadre du Schéma des Solidarités 2019/2024 a pour objectif de développer la politique de prévention et de protection des personnes vulnérables. 

A ce titre, il convient de développer les axes suivants :
-	la prévention le plus en amont possible
-	l’accompagnement construit avec les personnes en s’appuyant sur leur potentialité
-	l’évaluation des besoins des personnes doit être globale et multidimensionnelle et les réponses doivent être individualisées
-	les solutions doivent être souples et s’adapter dans leur forme autant que dans le contenu
-	pour les situations les plus complexes faisant intervenir des acteurs multiples, la responsabilité de la coordination des interventions repose sur une équipe pluridisciplinaire. 

L’organisation des Commissions d’Aide à l’Evaluation et l’Orientation des Personnes Majeures Vulnérables sur l’ensemble du territoire seine-et-marnais a pour objectif de respecter ces orientations.";"MDS Chelles : sapha_chelles@departement77.fr 
MDS Coulommiers : mdscoulommiers@departement77.fr
MDS Lagny sur Marne : mdslagny@departement77.fr
MDS Meaux : sapha_meaux@departement77.fr
MDS Mitry-Mory : mishika.paris@departement77.fr
MDS Noisiel : sapha_noisiel@departement77.fr
MDS Roissy en Brie : sophie.bellavance@departement77.fr

";27/12/2024 2:38pm;Social;Fiche de saisine CAEOPMV.pdf (https://airtable.com/appw21X5WptSgEidh/tbldc8HAccuWcXbga/recBKpKpVQb6mvBrY/fldiD8jFMadIFZbK2/att3pUgsDuHJuT3Et);;;
Barème 2025 au titre des aides ménagères CPAM;36;Barème - CPAM - Aide ménagère - Domicile - PRADO;;JL;Barème CPAM 2025;;20/1/2025 11:13am;Autre;2025_Bareme_au_titre_des_aides_menageres_-_CPAM.pdf (https://airtable.com/appw21X5WptSgEidh/tbldc8HAccuWcXbga/recEhiaUjtYYM3iYm/fldiD8jFMadIFZbK2/atthYBuTdS3XSNY0S);;;RAS
PLATEFORME D'ACCOMPAGNEMENT ET DE REPIT EPG TOURNAN;37;"Aide aux aidants
Répit
Soutien psychologique";;Solène;"Service de soutien aux personnes, quelque soit l'âge, en charge d'un proche en perte de d'autonomie de 60 ans et plus ou d'une personne atteinte d’une maladie neuro-dégénérative (Alzheimer et maladies apparentées, Parkinson et sclérose en plaques) 
Actions proposées :
- Information et orientation
- Temps de répit à domicile
- Activités de répit pour l'aidant 
- Soutien psychologique pour l'aidant
- Groupe de paroles (en partenariat avec les acteurs du territoire)
- Actions de sensibilisation pour soutenir les aidants dans leur rôle";"La mise en place de temps de répit à domicile peut-être facilitant pour travailler l'acception de la mise en place d'aides à domicile.

Contact :
Par téléphone ou par mail avec l’accord de l’aidant 
Téléphone : 01 64 42 18 08 ou 01 64 42 18 14
Courriel : plateforme@epgtournan.fr

Informations à communiquer :
- Ville de résidence ; Nom + date de naissance ; Numéro de téléphone de l’aidant
- Profil de la personne aidée (âge, maladie…)
- Démarches administratives réalisées ou en cours
";20/1/2025 2:17pm;Aidants;FICHE_PARTENAIRE-PFR_EPG_TOURNAN-JANV_2025.pdf (https://airtable.com/appw21X5WptSgEidh/tbldc8HAccuWcXbga/rec8SjpTRaOaPU4Wg/fldiD8jFMadIFZbK2/att8TjeNLe8K2eTGW);;;RAS
Entraide déplacements - Association famille rurale;38;Déplacement - Transport - Entraide - ;;JL;"L'Association Entraide déplacements propose un service de déplacements assurés par des bénévoles sans moyen de transport. 
Pour différents types de transports : visites médicales, démarches administratives et sociales, visites au malade, courses...
Attente du chauffeur : 2h max
Zone géographique : 60 km A/R";Voir liste des communes éligibles sur le flyer de l'Association.;31/1/2025 10:30am;Partenaires ;FAMILLES-RURALES-1.pdf (https://airtable.com/appw21X5WptSgEidh/tbldc8HAccuWcXbga/recvLx69m7zK6vfop/fldiD8jFMadIFZbK2/attMYCVaqytbQJuaD);;;RAS
Capital décès - CPAM;39;"Décès - Capital - Aide financière - CPAM - 

";;JL;"Pour aider dans la période difficile du décès d'un proche, l'Assurance Maladie a simplifié les démarches de remboursement des derniers frais de santé du défunt. Dans certains cas, un capital décès peut être versé. Cette indemnité versée aux héritiers du défunt cotisant au régime général de la sécurité sociale permet de faire face aux frais liés au décès d'un proche.
Montant 2025 : 3 768 €";Informations, conditions d'attribution sur le site Améli : https://www.ameli.fr/seine-et-marne/assure/remboursements/pensions-allocations-rentes/deces-proche-capital-deces#:~:text=Le%20montant%20maximum%20du%20capital,1er%20janvier%202025%20%3A%20471%20%E2%82%AC.;31/1/2025 10:38am;Social;Notice-Demande-capital-deces.pdf (https://airtable.com/appw21X5WptSgEidh/tbldc8HAccuWcXbga/recuGckiCcOkLhe9A/fldiD8jFMadIFZbK2/attqk6OF1B8tBr92B), Demande-capital-deces-independant.pdf (https://airtable.com/appw21X5WptSgEidh/tbldc8HAccuWcXbga/recuGckiCcOkLhe9A/fldiD8jFMadIFZbK2/atteiDJLJbadyzK4Q), Cerfa_Demande_capital_deces.pdf (https://airtable.com/appw21X5WptSgEidh/tbldc8HAccuWcXbga/recuGckiCcOkLhe9A/fldiD8jFMadIFZbK2/attNmmNyfDV0ordNe);;;ras
Handiconsult;40;Handicap - Accès aux soins - Consultation - Inclusion - Soin - PH - Personnes en situation de handicap ;;JL;"Dispositif qui permet de répondre aux besoins non couverts ou difficilement couverts pour des soins courants somatiques non liés à leur handicap.
Ces six structures en IDF proposent toutes un socle commun qui comporte une offre en soins somatiques, en santé orale et en gynécologie, et l’évaluation de la douleur. Les offres varient cependant considérablement d’un centre à l’autre, incluant parfois des consultations de cardiologie, d’endocrinologie, de gériatrie, d’ophtalmologie, un service d’imagerie (radiologie), de podologie, de la médecine physique et de réadaptation… ";Informations / Accessibilité : https://www.iledefrance.ars.sante.fr/handiconsult-une-cle-pour-lacces-aux-soins-des-personnes-en-situation-de-handicap ;31/1/2025 10:54am;Handicap ;;;;RAS
Fonds National d'Action Sanitaire et Social (FNASS) : aide spécifique aux soins palliatifs;41;FNASS - Soins Palliatifs - Aide financière - ;;JL;"Le FNASS) est "" un dispositif de la Caisse Nationale d'Assurance Maladie (CNAMTS) qui apporte une aide financière, sous certaines conditions, pour soutenir le maintien ou le retour à domicile d'une personne gravement malade en fin de vie nécessitant une prise en charge en soins palliatifs "".*
Montant du fond en Seine et Marne : 3 333 €";"> Pour en bénéficier :
Etre pris en charge par une Equipe Mobile de Soins Palliatifs (EMSP), un réseau ou une Hospitalisation A Domicile (HAD) ou à défaut, par un SSIAD,
Etre affilié au régime général ou assimilé,
Ne pas dépasser un certain plafond de revenus (une participation restant à la charge de l'assuré). 

> Quels services sont financés par le fonds ?
Des prestations de garde malade,
Des achats de fournitures spécifiques (non remboursés par la CPAM).
";31/1/2025 11:05am;Social;;;;ras
ESCAVIE 77;42;"Aides techniques 
Aménagement du logement 
Handicap moteur";;Solène - Marie;Evaluation des besoins et accompagnement au choix et à la prise en main des aides techniques pour les personnes en situation de handicap moteur tout âge;"Service dépendant de la CRAMIF
Equipe composée de 3 ergothérapeutes 
Un espace d'exposition permet aux personnes d'aller tester le matériel 
Voir la pièce jointe";4/2/2025 3:57pm;Ressource spécialisée, Handicap , Autre;ESCAVIE_77.pdf (https://airtable.com/appw21X5WptSgEidh/tbldc8HAccuWcXbga/recTMoxot1wil0biW/fldiD8jFMadIFZbK2/attUI7If8JPJRTpo5);;;RAS
Aidantomètre;43;Aidant - Echelle - Diagnostic - ;;JL;Diagnostic de la situation d'un aidant;;19/3/2025 9:53am;Aidants;flyer-aidantometre_web_1738847559.pdf (https://airtable.com/appw21X5WptSgEidh/tbldc8HAccuWcXbga/reck8PTkYoMTiXzYt/fldiD8jFMadIFZbK2/attxe8q08v1ZSQiKV);;;
Présentation des mesures de protection juridique - FALC;44;Protection juridique - Majeurs - Vulnérable - Tutelle - Curatelle - Mandataire - FALC - HAS ;;JL;"Description des mesures de protections juridique en Facile A Lire et à Comprendre (FALC) pour une personne accompagnée. 
Présentation de ses droits .";;21/3/2025 12:36pm;Autre;accompagner_la_personne_necessitant_une_mesure_de_protection_juridique__fiche_falc_les_actes_de_la_vie_de_tous_les_jours.pdf (https://airtable.com/appw21X5WptSgEidh/tbldc8HAccuWcXbga/recwpQ0CYVhF1xh9N/fldiD8jFMadIFZbK2/att3VahLkTTQVPZxk);;;ras
Structures d'aide à domicile secteur SAPHA Meaux septembre 2024;45;SAPHA - APA - SAAD MEAUX -  aide à domicile - prestataire - services ;;Alicia;;;25/3/2025 11:11am;Social;Prestataires_aides_a_domicile_Meaux_APA_septembre_2024.pdf (https://airtable.com/appw21X5WptSgEidh/tbldc8HAccuWcXbga/recEa1Rk5NPcTI7sL/fldiD8jFMadIFZbK2/attCBqCJVMgHOB7MZ);;;Mise à jour de la liste des prestataires sur le secteur du SAPHA de Meaux 
Anticiper et préparer le retour à l’emploi après un cancer - Médecine du travail;46;Travail - cancer - retour à l'emploi - emploi - médecine du travail;;JLa;Le Plan régional de santé au Travail d’Île-de-France 2021-2025 (PRST) propose des outils destinés à anticiper le retour à l’emploi des salariés après un cancer. ;;26/3/2025 2:49pm;Cancérologie;3-fiche_patient.pdf (https://airtable.com/appw21X5WptSgEidh/tbldc8HAccuWcXbga/recLCy9XbKCRpref4/fldiD8jFMadIFZbK2/attOPJOJ7i0d7zQYB), fiche_patients_annexes.pdf (https://airtable.com/appw21X5WptSgEidh/tbldc8HAccuWcXbga/recLCy9XbKCRpref4/fldiD8jFMadIFZbK2/attQ3PCYrJuYve2k8), 1-fiche_salarie.pdf (https://airtable.com/appw21X5WptSgEidh/tbldc8HAccuWcXbga/recLCy9XbKCRpref4/fldiD8jFMadIFZbK2/attEpMGgFPFUKJgbU);;;
Centre Ressource Régional de Psychiatrie du Sujet Agé (CRRPSA);47;Gérontopsychiatrie - Psychiatrie - Géronto - Gériatrie - Ressource - Sujet âgé - Région - IDF - CRRPSA;;JL;"Le CRRPSA a pour mission l'expertise des troubles psychiatriques et psychologiques chez la personne âgée de plus de 65 ans, résidant en Ile-de-France : 
- Expertise diagnostique
- Préconisations thérapeutiques
- Orientation de la prise en charge en coordination avec le MT";https://www.crrpsa.fr/page/centre-ressource;8/4/2025 3:05pm;Ressource spécialisée;Courrier_CRR_2025_pour_professionnels.pdf (https://airtable.com/appw21X5WptSgEidh/tbldc8HAccuWcXbga/recHL7K4KdygxOM6k/fldiD8jFMadIFZbK2/att242QWgJ2QZiSB7), Formulaire_de_demande_CRRPSA_CCL_-_2025.pdf (https://airtable.com/appw21X5WptSgEidh/tbldc8HAccuWcXbga/recHL7K4KdygxOM6k/fldiD8jFMadIFZbK2/attGnplahS9L3fmyg), Livret_patient_CRRPSA_2025.pdf (https://airtable.com/appw21X5WptSgEidh/tbldc8HAccuWcXbga/recHL7K4KdygxOM6k/fldiD8jFMadIFZbK2/attbmeOV0t0xKH4Er);;;RAS
Accueil de jour itinérant - Gériatrie;48;Gériatrie - Accueil de jour - Activités - Alzheimer - Troubles cognitifs - ;;JL;"L'accueil de jour itinérant est une formule mise en place, afin de favoriser le maintien à domicile des personnes souffrant de la maladie d'Alzheimer ou troubles apparentés.
C'est aussi un moment de répit pour les proches.
L'objectif de l'accueil de jour itinérant est d'améliorer la répartition de l'offre en accueil de jour répondant à la diversité de la Brie Nord-Est.";;9/4/2025 10:28am;Gériatrie;Affiche_HDJ_Itinerant_A1-2021.pdf (https://airtable.com/appw21X5WptSgEidh/tbldc8HAccuWcXbga/recFB06fID2eGP81u/fldiD8jFMadIFZbK2/att8vEhlvaUtOqKq3), Fiche_presentation_ADJI.pdf (https://airtable.com/appw21X5WptSgEidh/tbldc8HAccuWcXbga/recFB06fID2eGP81u/fldiD8jFMadIFZbK2/attpDF4yt5KorhmPn), Triptyque_Accueil_jour_itinerant-Jouarre-Nov2024.pdf (https://airtable.com/appw21X5WptSgEidh/tbldc8HAccuWcXbga/recFB06fID2eGP81u/fldiD8jFMadIFZbK2/attxoSCHZtcUJ6ERT);;;RAS
Guide des aides financières accessibles aux personnes en situation de handicap et à leurs familles;49;Aide financière - Handicap - famille - MDPH - Aidant - ;;JL;;;15/5/2025 10:35am;Handicap ;Guide_Aides_Financieres.pdf (https://airtable.com/appw21X5WptSgEidh/tbldc8HAccuWcXbga/recAHZmqhOsJBhnJy/fldiD8jFMadIFZbK2/atte4elLVAVjGC4CK);;;
Mon Bilan Prévention - Gratuit - CPAM;50;"Prévention - Santé - Dépistage - CPAM 
";;JL;"Mon Bilan Prévention, est un dispositif novateur et ambitieux de prévention, permettant à la fois d’agir sur les habitudes et les modes de vie des personnes, et d’améliorer l’accessibilité la réalisation des dépistages organisés, par exemple contre le cancer du sein, et des campagnes de vaccination.

Ce nouveau temps d’échange dédié à la prévention en santé est l’occasion de faire le point sur vos habitudes de vie et votre environnement avec un professionnel de santé. Vous pourrez ainsi bénéficier de conseils personnalisés pour comprendre et agir sur ce qui influence votre santé, suivre des actions de dépistage et donc lutter contre l’apparition de maladies telles que le diabète ou encore les maladies cardiovasculaires et certains cancers.

L’objectif est de vous permettre de devenir acteur de votre santé et de favoriser les comportements favorables à celle-ci afin de vous sentir mieux et de vivre plus longtemps en bonne santé.";"Informations et documents : 
https://sante.gouv.fr/prevention-en-sante/preserver-sa-sante/mon-bilan-prevention-les-rendez-vous-sante-aux-ages-cles-de-la-vie/article/mon-bilan-prevention-en-quoi-ca-consiste ";6/6/2025 12:11pm;Autre;;;;ras
Guide pratique - L'entourage des personnes accompagnées;51;Aidants - Entourage - Famille - Représentant légal -  Personne de confiance -;;JL;Guide de qui a le droit de faire quoi dans l’intérêt de la personne accompagnée ?;;20/6/2025 8:50am;Autre;Guide pratique - Qui a le droit de faire quoi dans l'intérêt de la personne accompagnée.pdf (https://airtable.com/appw21X5WptSgEidh/tbldc8HAccuWcXbga/recxsiclRBwZJB5Kh/fldiD8jFMadIFZbK2/attbh8hwEnLRWuJSH);;;
Santé bucco-dentaire pour les personnes en situation de handicap;52;Handicap - Dents - Bucco-dentaire - Offre - Santé;;JL;"Les besoins en soins bucco-dentaires des personnes en situation de handicap sont importants et l’offre de soins adaptée, c’est pourquoi, l’ARS Île-de-France, la Caisse régionale d’Assurance maladie Île-de-France, le Conseil départemental de Seine-et-Marne et le réseau régional RHAPSOD’IF se sont associés à l’Union des Mutuelles d’Île-de-France pour créer une offre de soins bucco-dentaire adaptée aux personnes en situation de handicap à MEAUX. 
Le centre de santé de l’UMIF accueille les personnes en situation de handicap avec des professionnels formés et du matériel adapté.";"Adresse du centre : 
17 avenue Jean Bureau 
77100 Meaux
www.umif-sante.fr/centre/meaux/ 
Prise de rendez-vous par mail et par téléphone :
Mail : cdm.meaux@umif.fr 
Tél : 01.64.36.54.36
";30/6/2025 10:06am;Handicap ;;;;
HDJ - La Renaissance sanitaire - MLV;;HDJ - Hôpital de jour - Gériatrie - Polyvalent ;;JL;Flyer et fiche de demande de prise en charge HDJ La Renaissance Sanitaire MLV;;18/7/2025 12:10pm;Autre;Flyer_HDJ_MLV.pdf (https://airtable.com/appw21X5WptSgEidh/tbldc8HAccuWcXbga/rec3HT1P1x4pvQM4T/fldiD8jFMadIFZbK2/attTxHQEG0dqjWOFf), ADMIN_HDJ_LRS_MLV.pdf (https://airtable.com/appw21X5WptSgEidh/tbldc8HAccuWcXbga/rec3HT1P1x4pvQM4T/fldiD8jFMadIFZbK2/attVlyEM57CDnmkoJ);;;ras
Aides financières Aidants - CPAM 77;;"Aidants; aides financières, aides extra-légales CPAM 77";;Solène;"Le conseil de la CPAM de la Seine-et-Marne a voté, en sa séance du 17 juin 2025, deux aides financières pour les aidants bénéficiant de l’Allocation Journalière Proche Aidant (AJPA).

1ère aide : Aide pour limiter la perte de revenu par le versement d’un montant forfaitaire de 15 €/jour en complément de l’AJPA
Un formulaire spécifique est mis à disposition sous Ameli et joint en annexe. Il devra nous être adressé après complétude avec les justificatifs suivants :
- Attestation CAF indiquant le montant de l’AJPA perçu depuis le 1er versement
- Autorisation du congé délivré par l’employeur

2ème aide : Aide pour une prestation d’aide-ménagère au domicile de l’aidant :
- à hauteur de 30 heures par année civile, limitée à 10 heures /mois
- à hauteur de 28,80 € l’heure
- sans conditions de ressources.

Un formulaire spécifique est mis à disposition sous Ameli et joint en annexe. Il devra nous être adressé après complétude avec les justificatifs suivants :
- Attestation CAF indiquant le montant de l’AJPA perçu depuis le 1er versement
- Autorisation du congé délivré par l’employeur.";;4/8/2025 2:03pm;Aidants;Demande_Aide_aux_aidants_.pdf (https://airtable.com/appw21X5WptSgEidh/tbldc8HAccuWcXbga/recABPh6MUopRnTMP/fldiD8jFMadIFZbK2/att0oXyOrhNhTTMBo), Imprime_aide_au_repit.pdf (https://airtable.com/appw21X5WptSgEidh/tbldc8HAccuWcXbga/recABPh6MUopRnTMP/fldiD8jFMadIFZbK2/att7O8X4S1jncYrld);;;Mise en forme : Peut-on mettre mettre en gras les deux types d'aide ?
AFM TELETHON _ Service Régional Antenne Nord;;Pathologies neuromusculaires, parcours de santé, coordination;;Solène;"Accompagnement du parcours de santé des personnes atteintes de maladies neuromusculaires et de leur entourage par des référents de parcours santé de formation infirmière et sociale.
Evaluation au domicile
Connaissance et liens privilégiés avec les centres d'expertise.
Tout âge, toute pathologie neuromusculaire, pas de nécessité d'existence d'un dossier MDPH
Voir Fiche partenaire jointe ";;8/8/2025 2:27pm;Ressource spécialisée;FICHE-PARTENAIRES-AFM_TELETHON_IDF_ANTENNE_NORD_2025.pdf (https://airtable.com/appw21X5WptSgEidh/tbldc8HAccuWcXbga/recSGvczsUIduSZ63/fldiD8jFMadIFZbK2/attzEopLpDE0M3Unm), AFM_TELETHON_ILE_DE_FRANCE.pdf (https://airtable.com/appw21X5WptSgEidh/tbldc8HAccuWcXbga/recSGvczsUIduSZ63/fldiD8jFMadIFZbK2/attVZh2v69Bq6FtvG), le_role_des_RPS_oct2017.pdf (https://airtable.com/appw21X5WptSgEidh/tbldc8HAccuWcXbga/recSGvczsUIduSZ63/fldiD8jFMadIFZbK2/attXKpCpzaHaNj55Y);;;Je ne sais pas trop dans quelle catégorie classer la fiche....
Demande d'hospitalisation en Hopital de Jour Gériatrique ;;"Hôpital de jour
Gériatrie

";;Alicia ;Formulaire de demande d'hospitalisation en hôpital de jour gériatrique ;"à envoyer à IDEC : idehdj.pso@lna-sante.com
";9/9/2025 3:55pm;Gériatrie;Formulaire_demande_HDJ_Geriatrique_LNA_Orgemont.pdf (https://airtable.com/appw21X5WptSgEidh/tbldc8HAccuWcXbga/rec8SvVpWGVe2Bg7t/fldiD8jFMadIFZbK2/attI6qpxqYqcTFcFq);;;à envoyer à IDEC : idehdj.pso@lna-sante.com
AFAD - Aide Familiale Au Domicile;;AFAD - Famille - Aide - Domicile - TISF;;JL;"AFAD Île-de-France accompagne les familles dans les moments de vie difficiles ou fragiles : grossesse, naissance, maladie, handicap, séparation, décès, épuisement parental, etc.

Nous intervenons à domicile pour soutenir les fonctions parentales et aider à retrouver un équilibre familial.

Nos professionnels à vos côtés :

-	TISF (Technicien.ne.s de l’Intervention Sociale et Familiale)
Travailleurs sociaux spécialisés dans l’accompagnement éducatif, social et parental :
•	Organisation du quotidien (budget, alimentation, rendez-vous médicaux, etc.)
•	Soins aux nourrissons, conseils en périnatalité
•	Aide aux devoirs, activités d’éveil et de loisirs
•	Soutien à l’intégration sociale et à l’accès aux droits

-	Aides à Domicile
Soutien dans les gestes du quotidien :
•	Entretien du logement et du linge
•	Préparation des repas, aide aux courses
•	Aide dans les démarches administratives simples

Deux dispositifs d’accompagnement :
1.	Dispositif CAF : pour toutes les familles avec enfants de 0 à 18 ans.
Participation financière selon le quotient familial (CAF).

2.	Dispositif de la Prévention et la Protection de l’enfance : pour les familles en difficulté avec enfants de 0 à 18 ans.
Prise en charge à 100 % par le Département. (Intervention TISF uniquement)

Notre mission : Favoriser l’autonomie des familles et les aider à retrouver un équilibre de vie, dans une démarche de “faire avec”.
";01 60 68 70 72 ou à l’adresse : secteur77@afad-idf.asso.fr;29/9/2025 10:20am;Aidants;AFAD_Plaquette_famille_basse_def.pdf (https://airtable.com/appw21X5WptSgEidh/tbldc8HAccuWcXbga/recXJT3htZ4UBzT1H/fldiD8jFMadIFZbK2/attZfyIPBzZVLCCHc);;;RAS
Permanences juridiques PH Meaux;;"Personnes en situation de handicap
Permanence juridique
Meaux
Droit";;Solène;"Des permanences juridiques accessibles et gratuites à destination des personnes en situation de handicap et de leurs aidants ont lieu tous les 1er lundi du mois, de 14h à 17h, à l’Espace Municipal Charles Cros (1 square Cassini – 77100 Meaux).
Ces temps d’échange confidentiels permettent aux personnes concernées d’obtenir des informations juridiques dans tous les domaines du droit (famille, logement, travail, santé, pénal, handicap etc.).
Ces permanences auront lieu sur rendez-vous uniquement :
📩 pole.handicap@meaux.fr
📞 01 83 69 01 59";;1/10/2025 12:17pm;Autre;AGIR_HANDICAP_Flyer_77_Meaux.jpg (https://airtable.com/appw21X5WptSgEidh/tbldc8HAccuWcXbga/recPX4ewX1IFEXW3W/fldiD8jFMadIFZbK2/attaOIMTUWPmJGQHM);;;RAS
Adressage rapide en oncologie;;"cancer oncologie
suspicion";;Solène;;;4/11/2025 4:15pm;Cancérologie;Plaquette_Circuit_FAST_ONCO_251104_114443.pdf (https://airtable.com/appw21X5WptSgEidh/tbldc8HAccuWcXbga/recQuS2U6RlkPh9Ta/fldiD8jFMadIFZbK2/atttfUjLIrrkEnDuJ);;;afficher directement la PJ?
SAD Secteur SAPHA MITRY MORY;;Services d'aide à domicile ;;Alicia;;;18/12/2025 4:52pm;Social;SAD_Secteur_SAPHA_Mitry_Mory_MAJ_Oct_2024.pdf (https://airtable.com/appw21X5WptSgEidh/tbldc8HAccuWcXbga/rec5EZkgSFZ3zyBpM/fldiD8jFMadIFZbK2/attPVqTeHpRbzrg1y);;;"Liste mise à jour en octobre 2024
SAD secteur SAPHA MITRY MORY"
Offre de soins palliatifs en IDF;;Soins Palliatifs - USP - CORPALIF - Palliatif ;;JL;Le cahier constitue un document de référence, tel une capture de l'état de l'offre à date. JANVIER 2026;;23/1/2026 10:06am;Soins Palliatifs;Cahier_offre_SP_2026.pdf (https://airtable.com/appw21X5WptSgEidh/tbldc8HAccuWcXbga/recWSa3B88Igsa9Yf/fldiD8jFMadIFZbK2/att1GBOazbHPrNacQ);;;ras
Annuaire des CSAPA (centres de soins, d’accompagnement et de prévention en addictologie);;Addicto - Addiction - CSAPA -;;JL;Annuaire de l'ensemble des services d'accompagnement en addictologie : https://www.addictaide.fr/annuaire/;;2/2/2026 9:50am;Addictologie ;;;;
RCP DE RECOURS PEDIATRIQUE - ADULTES OBESITE;;Situation complexe obésité;;Solène;Besoin d'un échange sur des situations d’obésité complexes, médicales ou chirurgicales pédiatriques, pédiatriques ou adultes;"Les RCP de recours sont organisées par le Centre Spécialisé de l'Obésité IDF.
Objectifs : 
 - partager le dossier complexe d'un patient enfant en situation d'obésité / d'un patient adulte en situation d'obésité sévère ou multi compliquée
- demander un avis pour le diagnostic ou le traitement d'un patient.
- tout simplement échanger et vous former/informer en lien avec les experts du CSO Île-de-France Est.

Calendrier annuel préétablit

Inscription via un google form
- Adultes : https://docs.google.com/forms/d/e/1FAIpQLSfZPElfwr4HE-Wq7uvYTDRlHeXUl-ttxYa8yydalXyRoaQSeg/viewform
- Enfants : https://docs.google.com/forms/d/e/1FAIpQLSfZPElfwr4HE-Wq7uvYTDRlHeXUl-ttxYa8yydalXyRoaQSeg/viewform
";4/2/2026 10:41am;Ressource spécialisée;;;;est ce que l'on créée une catégorie parcours obésité ? 
RCP / Staff douleur réseau LCD;;"Douleur
RCP
Expertise";;Solène;"Questionnement sur la prise en charge des patients douloureux chroniques en situation complexe
Questionnement ou réflexion sur l'accompagnement des patients douloureux";"Contact : Réseau Lutter Contre la Douleur 
secretariat.lcd@reseau-lcd.org

Public : Patients adultes et/ou pédiatriques douleur chronique en situation complexe
Deux situations sont à distinguer :
- Patients en cours d’inclusion au réseau LCD :
Dans ce cadre, la demande de RCP est initiée par un médecin, qui complète un dossier de demande d’inclusion que je vous mettrai en PJ. Ce dossier doit préciser l’ensemble des professionnels impliqués dans la prise en charge du patient, afin que nous puissions les contacter et les convier à la RCP.
Cette démarche est réalisée avec le consentement explicite du patient ou de la patiente.
Par ailleurs, dans la majorité des situations, le médecin algologue du LCD privilégie une consultation préalable avec le patient ou la patiente. Si toutefois le patient ne souhaite pas être reçu en consultation, la situation peut être étudiée en RCP sur la base des éléments transmis.

- Concernant les patients non suivis par le réseau LCD :
Un professionnel peut également solliciter l’organisation d’une RCP pour la présentation d’un cas complexe, adulte ou enfant, sans que le patient soit nécessairement suivi par le LCD, il suffit de nous renvoyer la fiche de présentations complétée ( en PJ). Il s’agit alors d’un temps d’échange pluridisciplinaire autour d’une situation clinique nécessitant un éclairage spécialisé avec différents professionnels de santé partenaires,""

RCP selon un calendrier annuel préétablit 
Formulaire de présentation pour RCP à envoyer au moins 1 semaine avant la réunion
En distanciel";4/2/2026 10:47am;Ressource spécialisée;Formulaire_RCP_fiche-presentation_vf.pdf (https://airtable.com/appw21X5WptSgEidh/tbldc8HAccuWcXbga/recL2LFDjHd3FZeFd/fldiD8jFMadIFZbK2/attXkUUQiXzWqaBfM), RCP_Programme_2026.pdf (https://airtable.com/appw21X5WptSgEidh/tbldc8HAccuWcXbga/recL2LFDjHd3FZeFd/fldiD8jFMadIFZbK2/attrK9YWrogxDOzwI);;;-
Liste 2025 des médecins habilités à délivrer des certificats médicaux circonstanciés dans le cadre d'une mesure de protection;;"Tutelle
curatelle
habilitation familiale
protection juridique
médecin expert
tribunal judiciaire
majeur vulnérable
";;Alicia;;;16/2/2026 5:38pm;Autre;Liste_medecins_habilites_protection_juridique_TJ_Meaux_2025.pdf (https://airtable.com/appw21X5WptSgEidh/tbldc8HAccuWcXbga/recVFvlMjWIXwOQHj/fldiD8jFMadIFZbK2/attyoCwFLjlMTWnMG);;;Peut-être supprimer les anciennes listes ? 
Guide pratique pour les pros - Annonce de décès - Accompagnement des familles endeuillées;;deuil - décès - aidants - famille - accompagnement - annonce - pro;;JL;"Pourquoi ce guide : 
- Pour aiguiller les professionnels dans un contexte judiciaire 
- Pour définir, encadrer et harmoniser les bonnes pratiques de l’annonce du décès
- Pour faciliter la mise en œuvre de tous les dispositifs et coordonner les acteurs de terrain
- Pour décliner le cadre règlementaire selon les prérogatives respectives de chacun (magistrats, policiers et gendarmes, médecins, élus...)
- Pour favoriser les bonnes pratiques sur l’ensemble du territoire";;25/2/2026 4:36pm;Autre;2026_-_Guide_pratique_a_lusage_des_pro_-_annonce_deces_deuil.pdf (https://airtable.com/appw21X5WptSgEidh/tbldc8HAccuWcXbga/recmS0ZkDstvmh1FL/fldiD8jFMadIFZbK2/attI9abjOxjszHgeE);;;RAS
SAAD secteur SAPHA Mitry Mory janvier 2026;;"SAAD
aides à domicile
prestataire";;Alicia;;;18/3/2026 10:54am;Partenaires ;SAAD_secteur_SAPHA_Mitry_Mory_2026.pdf (https://airtable.com/appw21X5WptSgEidh/tbldc8HAccuWcXbga/recaULlMlo0OQlJhW/fldiD8jFMadIFZbK2/attzv2AmLQ43ZvV1x);;;Fiche récupérée par Morgane lors d'une éval APA
